{"count":1,"self":42.3191584,"total":42.635665499999995,"children":{"InitializeActuators":{"count":1,"self":0.0019924,"total":0.0019924,"children":null},"InitializeSensors":{"count":1,"self":0.00099549999999999986,"total":0.00099549999999999986,"children":null},"AgentSendState":{"count":1890,"self":0.027091499999999998,"total":0.0411138,"children":{"CollectObservations":{"count":378,"self":0.0025220999999999998,"total":0.0025220999999999998,"children":null},"WriteActionMask":{"count":378,"self":0,"total":0,"children":null},"RequestDecision":{"count":378,"self":0.011500199999999999,"total":0.011500199999999999,"children":null}}},"DecideAction":{"count":1890,"self":0.2566149,"total":0.2581307,"children":{"RayPerceptionSensor.Perceive":{"count":378,"self":0.0015157999999999999,"total":0.0015157999999999999,"children":null}}},"AgentAct":{"count":1890,"self":0.0132728,"total":0.0132728,"children":null}},"gauges":{"KnifeHit.CumulativeReward":{"count":14,"max":0.9986,"min":-1.0022,"runningAverage":0.425935715,"value":0.993899941,"weightedAverage":0.5227903}},"metadata":{"timer_format_version":"0.1.0","start_time_seconds":"1716960591","unity_version":"2022.3.20f1","command_line_arguments":"C:\\Program Files\\Unity\\Hub\\Editor\\2022.3.20f1\\Editor\\Unity.exe -projectpath D:\\MLAgent\\MLSUHANG -useHub -hubIPC -cloudEnvironment production","communication_protocol_version":"1.5.0","com.unity.ml-agents_version":"2.3.0-exp.3","scene_name":"Game","end_time_seconds":"1716960633"}}